Campaign,Campaign Status,Campaign Type,Networks,Budget,Budget type,Bid Strategy Type,Location,Language,Ad Group,Ad Group Status,Keyword,Criterion Type,Final URL,Status,Ad type,Headline 1,Headline 2,Headline 3,Headline 4,Headline 5,Headline 6,Headline 7,Headline 8,Headline 9,Headline 10,Headline 11,Headline 12,Headline 13,Headline 14,Headline 15,Description 1,Description 2,Description 3,Description 4
PHILLIPS-5L | L2 BTL LA County Sex Abuse | Search,Paused,Search,Google search,50.00,Daily,Maximize conversions,"Los Angeles County, California, United States",en,,,,,,,,,,,,,,,,,,,,,,,,,,
PHILLIPS-5L | L2 BTL LA County Sex Abuse | Search,,,,,,,,,LA County Juvenile Hall,Paused,,,,,,,,,,,,,,,,,,,,,,,,
PHILLIPS-5L | L2 BTL LA County Sex Abuse | Search,,,,,,,,,LA County Juvenile Hall,,la county juvenile hall abuse lawyer,Phrase,https://besttortlawyers.com/sex-abuse-la-county/,Paused,,,,,,,,,,,,,,,,,,,,
PHILLIPS-5L | L2 BTL LA County Sex Abuse | Search,,,,,,,,,LA County Juvenile Hall,,la county juvenile hall abuse lawyer,Exact,https://besttortlawyers.com/sex-abuse-la-county/,Paused,,,,,,,,,,,,,,,,,,,,
PHILLIPS-5L | L2 BTL LA County Sex Abuse | Search,,,,,,,,,LA County Juvenile Hall,,juvenile hall sexual abuse lawsuit,Phrase,https://besttortlawyers.com/sex-abuse-la-county/,Paused,,,,,,,,,,,,,,,,,,,,
PHILLIPS-5L | L2 BTL LA County Sex Abuse | Search,,,,,,,,,LA County Juvenile Hall,,juvenile hall sexual abuse lawsuit,Exact,https://besttortlawyers.com/sex-abuse-la-county/,Paused,,,,,,,,,,,,,,,,,,,,
PHILLIPS-5L | L2 BTL LA County Sex Abuse | Search,,,,,,,,,LA County Juvenile Hall,,los angeles juvenile hall abuse claim,Phrase,https://besttortlawyers.com/sex-abuse-la-county/,Paused,,,,,,,,,,,,,,,,,,,,
PHILLIPS-5L | L2 BTL LA County Sex Abuse | Search,,,,,,,,,LA County Juvenile Hall,,los angeles juvenile hall abuse claim,Exact,https://besttortlawyers.com/sex-abuse-la-county/,Paused,,,,,,,,,,,,,,,,,,,,
PHILLIPS-5L | L2 BTL LA County Sex Abuse | Search,,,,,,,,,LA County Juvenile Hall,,probation camp abuse lawyer,Phrase,https://besttortlawyers.com/sex-abuse-la-county/,Paused,,,,,,,,,,,,,,,,,,,,
PHILLIPS-5L | L2 BTL LA County Sex Abuse | Search,,,,,,,,,LA County Juvenile Hall,,probation camp abuse lawyer,Exact,https://besttortlawyers.com/sex-abuse-la-county/,Paused,,,,,,,,,,,,,,,,,,,,
PHILLIPS-5L | L2 BTL LA County Sex Abuse | Search,,,,,,,,,Childhood Abuse CA,Paused,,,,,,,,,,,,,,,,,,,,,,,,
PHILLIPS-5L | L2 BTL LA County Sex Abuse | Search,,,,,,,,,Childhood Abuse CA,,childhood sexual abuse lawyer los angeles,Phrase,https://besttortlawyers.com/sex-abuse-la-county/,Paused,,,,,,,,,,,,,,,,,,,,
PHILLIPS-5L | L2 BTL LA County Sex Abuse | Search,,,,,,,,,Childhood Abuse CA,,childhood sexual abuse lawyer los angeles,Exact,https://besttortlawyers.com/sex-abuse-la-county/,Paused,,,,,,,,,,,,,,,,,,,,
PHILLIPS-5L | L2 BTL LA County Sex Abuse | Search,,,,,,,,,Childhood Abuse CA,,california childhood abuse lawsuit,Phrase,https://besttortlawyers.com/sex-abuse-la-county/,Paused,,,,,,,,,,,,,,,,,,,,
PHILLIPS-5L | L2 BTL LA County Sex Abuse | Search,,,,,,,,,Childhood Abuse CA,,california childhood abuse lawsuit,Exact,https://besttortlawyers.com/sex-abuse-la-county/,Paused,,,,,,,,,,,,,,,,,,,,
PHILLIPS-5L | L2 BTL LA County Sex Abuse | Search,,,,,,,,,Childhood Abuse CA,,foster care abuse lawyer los angeles,Phrase,https://besttortlawyers.com/sex-abuse-la-county/,Paused,,,,,,,,,,,,,,,,,,,,
PHILLIPS-5L | L2 BTL LA County Sex Abuse | Search,,,,,,,,,Childhood Abuse CA,,foster care abuse lawyer los angeles,Exact,https://besttortlawyers.com/sex-abuse-la-county/,Paused,,,,,,,,,,,,,,,,,,,,
PHILLIPS-5L | L2 BTL LA County Sex Abuse | Search,,,,,,,,,,,jobs,Campaign Negative Phrase,,,,,,,,,,,,,,,,,,,,,,
PHILLIPS-5L | L2 BTL LA County Sex Abuse | Search,,,,,,,,,,,report abuse,Campaign Negative Phrase,,,,,,,,,,,,,,,,,,,,,,
PHILLIPS-5L | L2 BTL LA County Sex Abuse | Search,,,,,,,,,,,hotline,Campaign Negative Phrase,,,,,,,,,,,,,,,,,,,,,,
PHILLIPS-5L | L2 BTL LA County Sex Abuse | Search,,,,,,,,,,,statistics,Campaign Negative Phrase,,,,,,,,,,,,,,,,,,,,,,
PHILLIPS-5L | L2 BTL LA County Sex Abuse | Search,,,,,,,,,,,news,Campaign Negative Phrase,,,,,,,,,,,,,,,,,,,,,,
PHILLIPS-5L | L2 BTL LA County Sex Abuse | Search,,,,,,,,,LA County Juvenile Hall,,,,Final URL,Paused,Responsive search ad,You Deserve to Be Heard,Confidential. At Your Pace.,"Free, Private First Step",No Need to Share Details,"Skip Any Question, Anytime",Your Voice Matters,Even Years Later,California Laws Changed,Juvenile Hall & Foster Care,Best Tort Lawyers,,,,,,"For adults harmed as children in LA County facilities, schools or programs.",A few general questions. You never have to describe what happened. Stop anytime.,See if you may potentially qualify for review by an independent law firm.,"Attorney advertising. Matching service, not a law firm. No legal advice or guarantee."
PHILLIPS-5L | L2 BTL LA County Sex Abuse | Search,,,,,,,,,Childhood Abuse CA,,,,Final URL,Paused,Responsive search ad,You Deserve to Be Heard,Confidential. At Your Pace.,"Free, Private First Step",No Need to Share Details,"Skip Any Question, Anytime",Your Voice Matters,Even Years Later,California Laws Changed,Juvenile Hall & Foster Care,Best Tort Lawyers,,,,,,"For adults harmed as children in LA County facilities, schools or programs.",A few general questions. You never have to describe what happened. Stop anytime.,See if you may potentially qualify for review by an independent law firm.,"Attorney advertising. Matching service, not a law firm. No legal advice or guarantee."
