Campaign,Campaign Status,Campaign Type,Networks,Budget,Budget type,Bid Strategy Type,Location,Language,Ad Group,Ad Group Status,Keyword,Criterion Type,Final URL,Status
PHILLIPS-5L | L3 BTL CA Womens Prison Sex Abuse | Search,Paused,Search,Google search,50.00,Daily,Maximize conversions,"California, United States",en,,,,,,
PHILLIPS-5L | L3 BTL CA Womens Prison Sex Abuse | Search,,,,,,,,,CA Womens Prison,Paused,,,,
PHILLIPS-5L | L3 BTL CA Womens Prison Sex Abuse | Search,,,,,,,,,CA Womens Prison,,chowchilla prison abuse lawyer,Phrase,https://besttortlawyers.com/sex-abuse-ca-womens-prisons/,Paused
PHILLIPS-5L | L3 BTL CA Womens Prison Sex Abuse | Search,,,,,,,,,CA Womens Prison,,chowchilla prison abuse lawyer,Exact,https://besttortlawyers.com/sex-abuse-ca-womens-prisons/,Paused
PHILLIPS-5L | L3 BTL CA Womens Prison Sex Abuse | Search,,,,,,,,,CA Womens Prison,,ccwf sexual abuse lawsuit,Phrase,https://besttortlawyers.com/sex-abuse-ca-womens-prisons/,Paused
PHILLIPS-5L | L3 BTL CA Womens Prison Sex Abuse | Search,,,,,,,,,CA Womens Prison,,ccwf sexual abuse lawsuit,Exact,https://besttortlawyers.com/sex-abuse-ca-womens-prisons/,Paused
PHILLIPS-5L | L3 BTL CA Womens Prison Sex Abuse | Search,,,,,,,,,CA Womens Prison,,ciw corona abuse lawyer,Phrase,https://besttortlawyers.com/sex-abuse-ca-womens-prisons/,Paused
PHILLIPS-5L | L3 BTL CA Womens Prison Sex Abuse | Search,,,,,,,,,CA Womens Prison,,ciw corona abuse lawyer,Exact,https://besttortlawyers.com/sex-abuse-ca-womens-prisons/,Paused
PHILLIPS-5L | L3 BTL CA Womens Prison Sex Abuse | Search,,,,,,,,,CA Womens Prison,,fci dublin abuse lawsuit,Phrase,https://besttortlawyers.com/sex-abuse-ca-womens-prisons/,Paused
PHILLIPS-5L | L3 BTL CA Womens Prison Sex Abuse | Search,,,,,,,,,CA Womens Prison,,fci dublin abuse lawsuit,Exact,https://besttortlawyers.com/sex-abuse-ca-womens-prisons/,Paused
PHILLIPS-5L | L3 BTL CA Womens Prison Sex Abuse | Search,,,,,,,,,CA Womens Prison,,women's prison sexual abuse lawyer california,Phrase,https://besttortlawyers.com/sex-abuse-ca-womens-prisons/,Paused
PHILLIPS-5L | L3 BTL CA Womens Prison Sex Abuse | Search,,,,,,,,,CA Womens Prison,,women's prison sexual abuse lawyer california,Exact,https://besttortlawyers.com/sex-abuse-ca-womens-prisons/,Paused
PHILLIPS-5L | L3 BTL CA Womens Prison Sex Abuse | Search,,,,,,,,,Custodial Abuse,Paused,,,,
PHILLIPS-5L | L3 BTL CA Womens Prison Sex Abuse | Search,,,,,,,,,Custodial Abuse,,prison guard sexual abuse lawyer,Phrase,https://besttortlawyers.com/sex-abuse-ca-womens-prisons/,Paused
PHILLIPS-5L | L3 BTL CA Womens Prison Sex Abuse | Search,,,,,,,,,Custodial Abuse,,prison guard sexual abuse lawyer,Exact,https://besttortlawyers.com/sex-abuse-ca-womens-prisons/,Paused
PHILLIPS-5L | L3 BTL CA Womens Prison Sex Abuse | Search,,,,,,,,,Custodial Abuse,,inmate sexual abuse lawsuit california,Phrase,https://besttortlawyers.com/sex-abuse-ca-womens-prisons/,Paused
PHILLIPS-5L | L3 BTL CA Womens Prison Sex Abuse | Search,,,,,,,,,Custodial Abuse,,inmate sexual abuse lawsuit california,Exact,https://besttortlawyers.com/sex-abuse-ca-womens-prisons/,Paused
PHILLIPS-5L | L3 BTL CA Womens Prison Sex Abuse | Search,,,,,,,,,,,jobs,Campaign Negative Phrase,,
PHILLIPS-5L | L3 BTL CA Womens Prison Sex Abuse | Search,,,,,,,,,,,inmate locator,Campaign Negative Phrase,,
PHILLIPS-5L | L3 BTL CA Womens Prison Sex Abuse | Search,,,,,,,,,,,visitation,Campaign Negative Phrase,,
PHILLIPS-5L | L3 BTL CA Womens Prison Sex Abuse | Search,,,,,,,,,,,commissary,Campaign Negative Phrase,,
PHILLIPS-5L | L3 BTL CA Womens Prison Sex Abuse | Search,,,,,,,,,,,news,Campaign Negative Phrase,,
